{"cameraMode":{"drawMode":0,"name":"Shaded","section":"Shading Mode"},"sceneLighting":false,"audioPlay":false,"sceneViewState":{"showFog":true,"showMaterialUpdate":false,"showSkybox":true,"showFlares":true,"showImageEffects":true,"showParticleSystems":true},"in2DMode":false,"pivot":{"x":-22.281538009643556,"y":13.059881210327149,"z":16.14129066467285},"rotation":{"x":-0.42469510436058047,"y":-0.26546797156333926,"z":0.13179351389408112,"w":-0.8554480075836182},"size":32.92058181762695,"orthographic":false}