{"cameraMode":{"drawMode":0,"name":"Shaded","section":"Shading Mode"},"sceneLighting":false,"audioPlay":false,"sceneViewState":{"showFog":true,"showMaterialUpdate":false,"showSkybox":true,"showFlares":true,"showImageEffects":true,"showParticleSystems":true},"in2DMode":false,"pivot":{"x":0.05016452074050903,"y":4.644355773925781,"z":-0.5775294303894043},"rotation":{"x":-0.2749812602996826,"y":0.6278135776519775,"z":-0.2528066039085388,"w":-0.6828795075416565},"size":3.760638952255249,"orthographic":false}