{"cameraMode":{"drawMode":0,"name":"Shaded","section":"Shading Mode"},"sceneLighting":false,"audioPlay":false,"sceneViewState":{"showFog":true,"showMaterialUpdate":false,"showSkybox":true,"showFlares":true,"showImageEffects":true,"showParticleSystems":true},"in2DMode":false,"pivot":{"x":-9.478140830993653,"y":-9.068400382995606,"z":41.37498474121094},"rotation":{"x":-0.1895090937614441,"y":0.772809624671936,"z":-0.27016738057136538,"w":-0.542089581489563},"size":10.026180267333985,"orthographic":false}