{"cameraMode":{"drawMode":0,"name":"Shaded","section":"Shading Mode"},"sceneLighting":false,"audioPlay":false,"sceneViewState":{"showFog":true,"showMaterialUpdate":false,"showSkybox":true,"showFlares":true,"showImageEffects":true,"showParticleSystems":true},"in2DMode":false,"pivot":{"x":-23.55070686340332,"y":15.7080078125,"z":13.781427383422852},"rotation":{"x":0.007785428781062365,"y":-0.09317924082279206,"z":0.0007291424553841353,"w":0.9956186413764954},"size":2.818850040435791,"orthographic":false}