{"cameraMode":{"drawMode":0,"name":"Shaded","section":"Shading Mode"},"sceneLighting":true,"audioPlay":false,"sceneViewState":{"showFog":true,"showMaterialUpdate":false,"showSkybox":true,"showFlares":true,"showImageEffects":true,"showParticleSystems":true},"in2DMode":false,"pivot":{"x":1091.040771484375,"y":439.8437805175781,"z":-224.7881622314453},"rotation":{"x":-0.06366630643606186,"y":0.7204174995422363,"z":0.06803033500909805,"w":0.6872534155845642},"size":854.369873046875,"orthographic":false}