{"cameraMode":{"drawMode":0,"name":"Shaded","section":"Shading Mode"},"sceneLighting":false,"audioPlay":false,"sceneViewState":{"showFog":true,"showMaterialUpdate":false,"showSkybox":true,"showFlares":true,"showImageEffects":true,"showParticleSystems":true},"in2DMode":false,"pivot":{"x":-11.863595962524414,"y":4.531887054443359,"z":-20.116199493408204},"rotation":{"x":-0.1895090937614441,"y":0.772809624671936,"z":-0.27016738057136538,"w":-0.542089581489563},"size":28.15839195251465,"orthographic":false}